code,PV_corr_std
000001.XSHE,
000002.XSHE,
000004.XSHE,
000005.XSHE,
000006.XSHE,
000007.XSHE,
000008.XSHE,
000009.XSHE,
000010.XSHE,
000011.XSHE,
000012.XSHE,
000014.XSHE,
000016.XSHE,
000017.XSHE,
000019.XSHE,
000020.XSHE,
000021.XSHE,
000023.XSHE,
000025.XSHE,
000026.XSHE,
000027.XSHE,
000028.XSHE,
000029.XSHE,
000030.XSHE,
000031.XSHE,
000032.XSHE,
000034.XSHE,
000035.XSHE,
000036.XSHE,
000037.XSHE,
000038.XSHE,
000039.XSHE,
000040.XSHE,
000042.XSHE,
000045.XSHE,
000046.XSHE,
000048.XSHE,
000049.XSHE,
000050.XSHE,
000055.XSHE,
000056.XSHE,
000058.XSHE,
000059.XSHE,
000060.XSHE,
000061.XSHE,
000062.XSHE,
000063.XSHE,
000065.XSHE,
000066.XSHE,
000068.XSHE,
000069.XSHE,
000070.XSHE,
000078.XSHE,
000088.XSHE,
000089.XSHE,
000090.XSHE,
000096.XSHE,
000099.XSHE,
000100.XSHE,
000150.XSHE,
000151.XSHE,
000153.XSHE,
000155.XSHE,
000156.XSHE,
000157.XSHE,
000158.XSHE,
000159.XSHE,
000166.XSHE,
000301.XSHE,
000333.XSHE,
000338.XSHE,
000400.XSHE,
000401.XSHE,
000402.XSHE,
000403.XSHE,
000404.XSHE,
000407.XSHE,
000408.XSHE,
000409.XSHE,
000410.XSHE,
000411.XSHE,
000413.XSHE,
000415.XSHE,
000416.XSHE,
000417.XSHE,
000419.XSHE,
000420.XSHE,
000421.XSHE,
000422.XSHE,
000423.XSHE,
000425.XSHE,
000426.XSHE,
000428.XSHE,
000429.XSHE,
000430.XSHE,
000488.XSHE,
000498.XSHE,
000501.XSHE,
000502.XSHE,
000503.XSHE,
000504.XSHE,
000505.XSHE,
000506.XSHE,
000507.XSHE,
000509.XSHE,
000510.XSHE,
000513.XSHE,
000514.XSHE,
000516.XSHE,
000517.XSHE,
000518.XSHE,
000519.XSHE,
000520.XSHE,
000521.XSHE,
000523.XSHE,
000524.XSHE,
000525.XSHE,
000526.XSHE,
000529.XSHE,
000530.XSHE,
000531.XSHE,
000532.XSHE,
000533.XSHE,
000534.XSHE,
000536.XSHE,
000537.XSHE,
000538.XSHE,
000539.XSHE,
000540.XSHE,
000541.XSHE,
000543.XSHE,
000544.XSHE,
000545.XSHE,
000546.XSHE,
000547.XSHE,
000548.XSHE,
000550.XSHE,
000551.XSHE,
000552.XSHE,
000553.XSHE,
000554.XSHE,
000555.XSHE,
000557.XSHE,
000558.XSHE,
000559.XSHE,
000560.XSHE,
000561.XSHE,
000563.XSHE,
000564.XSHE,
000565.XSHE,
000566.XSHE,
000567.XSHE,
000568.XSHE,
000570.XSHE,
000571.XSHE,
000572.XSHE,
000573.XSHE,
000576.XSHE,
000581.XSHE,
000582.XSHE,
000584.XSHE,
000585.XSHE,
000586.XSHE,
000587.XSHE,
000589.XSHE,
000590.XSHE,
000591.XSHE,
000592.XSHE,
000593.XSHE,
000595.XSHE,
000596.XSHE,
000597.XSHE,
000598.XSHE,
000599.XSHE,
000600.XSHE,
000601.XSHE,
000603.XSHE,
000605.XSHE,
000606.XSHE,
000607.XSHE,
000608.XSHE,
000609.XSHE,
000610.XSHE,
000611.XSHE,
000612.XSHE,
000613.XSHE,
000615.XSHE,
000616.XSHE,
000617.XSHE,
000619.XSHE,
000620.XSHE,
000622.XSHE,
000623.XSHE,
000625.XSHE,
000626.XSHE,
000627.XSHE,
000628.XSHE,
000629.XSHE,
000630.XSHE,
000631.XSHE,
000632.XSHE,
000633.XSHE,
000635.XSHE,
000636.XSHE,
000637.XSHE,
000638.XSHE,
000639.XSHE,
000650.XSHE,
000651.XSHE,
000652.XSHE,
000655.XSHE,
000656.XSHE,
000657.XSHE,
000659.XSHE,
000661.XSHE,
000663.XSHE,
000665.XSHE,
000666.XSHE,
000667.XSHE,
000668.XSHE,
000669.XSHE,
000671.XSHE,
000672.XSHE,
000673.XSHE,
000676.XSHE,
000677.XSHE,
000678.XSHE,
000679.XSHE,
000680.XSHE,
000681.XSHE,
000682.XSHE,
000683.XSHE,
000685.XSHE,
000686.XSHE,
000687.XSHE,
000688.XSHE,
000690.XSHE,
000691.XSHE,
000692.XSHE,
000695.XSHE,
000697.XSHE,
000698.XSHE,
000700.XSHE,
000701.XSHE,
000702.XSHE,
000703.XSHE,
000705.XSHE,
000707.XSHE,
000708.XSHE,
000709.XSHE,
000710.XSHE,
000711.XSHE,
000712.XSHE,
000713.XSHE,
000715.XSHE,
000716.XSHE,
000717.XSHE,
000718.XSHE,
000719.XSHE,
000720.XSHE,
000721.XSHE,
000722.XSHE,
000723.XSHE,
000725.XSHE,
000726.XSHE,
000727.XSHE,
000728.XSHE,
000729.XSHE,
000731.XSHE,
000732.XSHE,
000733.XSHE,
000735.XSHE,
000736.XSHE,
000737.XSHE,
000738.XSHE,
000739.XSHE,
000750.XSHE,
000751.XSHE,
000752.XSHE,
000753.XSHE,
000755.XSHE,
000756.XSHE,
000757.XSHE,
000758.XSHE,
000759.XSHE,
000761.XSHE,
000762.XSHE,
000766.XSHE,
000767.XSHE,
000768.XSHE,
000776.XSHE,
000777.XSHE,
000778.XSHE,
000779.XSHE,
000780.XSHE,
000782.XSHE,
000783.XSHE,
000785.XSHE,
000786.XSHE,
000788.XSHE,
000789.XSHE,
000790.XSHE,
000791.XSHE,
000793.XSHE,
000795.XSHE,
000796.XSHE,
000797.XSHE,
000798.XSHE,
000799.XSHE,
000800.XSHE,
000801.XSHE,
000802.XSHE,
000803.XSHE,
000806.XSHE,
000807.XSHE,
000809.XSHE,
000810.XSHE,
000811.XSHE,
000812.XSHE,
000813.XSHE,
000815.XSHE,
000816.XSHE,
000818.XSHE,
000819.XSHE,
000820.XSHE,
000821.XSHE,
000822.XSHE,
000823.XSHE,
000825.XSHE,
000826.XSHE,
000828.XSHE,
000829.XSHE,
000830.XSHE,
000831.XSHE,
000833.XSHE,
000835.XSHE,
000836.XSHE,
000837.XSHE,
000838.XSHE,
000839.XSHE,
000848.XSHE,
000850.XSHE,
000851.XSHE,
000852.XSHE,
000856.XSHE,
000858.XSHE,
000859.XSHE,
000860.XSHE,
000861.XSHE,
000862.XSHE,
000863.XSHE,
000868.XSHE,
000869.XSHE,
000875.XSHE,
000876.XSHE,
000877.XSHE,
000878.XSHE,
000880.XSHE,
000881.XSHE,
000882.XSHE,
000883.XSHE,
000885.XSHE,
000886.XSHE,
000887.XSHE,
000888.XSHE,
000889.XSHE,
000890.XSHE,
000892.XSHE,
000893.XSHE,
000895.XSHE,
000897.XSHE,
000898.XSHE,
000899.XSHE,
000900.XSHE,
000901.XSHE,
000902.XSHE,
000903.XSHE,
000905.XSHE,
000906.XSHE,
000908.XSHE,
000909.XSHE,
000910.XSHE,
000911.XSHE,
000912.XSHE,
000913.XSHE,
000915.XSHE,
000917.XSHE,
000918.XSHE,
000919.XSHE,
000920.XSHE,
000921.XSHE,
000922.XSHE,
000923.XSHE,
000925.XSHE,
000926.XSHE,
000927.XSHE,
000928.XSHE,
000929.XSHE,
000930.XSHE,
000931.XSHE,
000932.XSHE,
000933.XSHE,
000935.XSHE,
000936.XSHE,
000937.XSHE,
000938.XSHE,
000948.XSHE,
000949.XSHE,
000950.XSHE,
000951.XSHE,
000952.XSHE,
000953.XSHE,
000955.XSHE,
000957.XSHE,
000958.XSHE,
000959.XSHE,
000960.XSHE,
000961.XSHE,
000962.XSHE,
000963.XSHE,
000965.XSHE,
000967.XSHE,
000968.XSHE,
000969.XSHE,
000970.XSHE,
000971.XSHE,
000972.XSHE,
000973.XSHE,
000975.XSHE,
000976.XSHE,
000977.XSHE,
000978.XSHE,
000980.XSHE,
000981.XSHE,
000982.XSHE,
000983.XSHE,
000985.XSHE,
000987.XSHE,
000988.XSHE,
000989.XSHE,
000990.XSHE,
000993.XSHE,
000995.XSHE,
000996.XSHE,
000997.XSHE,
000998.XSHE,
000999.XSHE,
001696.XSHE,
001872.XSHE,
001896.XSHE,
001914.XSHE,
001965.XSHE,
001979.XSHE,
002001.XSHE,
002002.XSHE,
002003.XSHE,
002004.XSHE,
002005.XSHE,
002006.XSHE,
002007.XSHE,
002008.XSHE,
002009.XSHE,
002010.XSHE,
002011.XSHE,
002012.XSHE,
002013.XSHE,
002014.XSHE,
002015.XSHE,
002016.XSHE,
002017.XSHE,
002019.XSHE,
002020.XSHE,
002021.XSHE,
002022.XSHE,
002023.XSHE,
002024.XSHE,
002025.XSHE,
002026.XSHE,
002027.XSHE,
002028.XSHE,
002029.XSHE,
002030.XSHE,
002031.XSHE,
002032.XSHE,
002033.XSHE,
002034.XSHE,
002035.XSHE,
002036.XSHE,
002037.XSHE,
002038.XSHE,
002039.XSHE,
002040.XSHE,
002041.XSHE,
002042.XSHE,
002043.XSHE,
002044.XSHE,
002045.XSHE,
002046.XSHE,
002047.XSHE,
002048.XSHE,
002049.XSHE,
002050.XSHE,
002051.XSHE,
002052.XSHE,
002053.XSHE,
002054.XSHE,
002055.XSHE,
002056.XSHE,
002057.XSHE,
002058.XSHE,
002059.XSHE,
002060.XSHE,
002061.XSHE,
002062.XSHE,
002063.XSHE,
002064.XSHE,
002065.XSHE,
002066.XSHE,
002067.XSHE,
002068.XSHE,
002069.XSHE,
002071.XSHE,
002072.XSHE,
002073.XSHE,
002074.XSHE,
002075.XSHE,
002076.XSHE,
002077.XSHE,
002078.XSHE,
002079.XSHE,
002080.XSHE,
002081.XSHE,
002082.XSHE,
002083.XSHE,
002084.XSHE,
002085.XSHE,
002086.XSHE,
002087.XSHE,
002088.XSHE,
002089.XSHE,
002090.XSHE,
002091.XSHE,
002092.XSHE,
002093.XSHE,
002094.XSHE,
002095.XSHE,
002096.XSHE,
002097.XSHE,
002098.XSHE,
002099.XSHE,
002100.XSHE,
002101.XSHE,
002102.XSHE,
002103.XSHE,
002104.XSHE,
002105.XSHE,
002106.XSHE,
002107.XSHE,
002108.XSHE,
002109.XSHE,
002110.XSHE,
002111.XSHE,
002112.XSHE,
002113.XSHE,
002114.XSHE,
002115.XSHE,
002116.XSHE,
002117.XSHE,
002118.XSHE,
002119.XSHE,
002120.XSHE,
002121.XSHE,
002122.XSHE,
002123.XSHE,
002124.XSHE,
002125.XSHE,
002126.XSHE,
002127.XSHE,
002128.XSHE,
002129.XSHE,
002130.XSHE,
002131.XSHE,
002132.XSHE,
002133.XSHE,
002134.XSHE,
002135.XSHE,
002136.XSHE,
002137.XSHE,
002138.XSHE,
002139.XSHE,
002140.XSHE,
002141.XSHE,
002142.XSHE,
002144.XSHE,
002145.XSHE,
002146.XSHE,
002147.XSHE,
002148.XSHE,
002149.XSHE,
002150.XSHE,
002151.XSHE,
002152.XSHE,
002153.XSHE,
002154.XSHE,
002155.XSHE,
002156.XSHE,
002157.XSHE,
002158.XSHE,
002159.XSHE,
002160.XSHE,
002161.XSHE,
002162.XSHE,
002163.XSHE,
002164.XSHE,
002165.XSHE,
002166.XSHE,
002167.XSHE,
002168.XSHE,
002169.XSHE,
002170.XSHE,
002171.XSHE,
002172.XSHE,
002173.XSHE,
002174.XSHE,
002175.XSHE,
002176.XSHE,
002177.XSHE,
002178.XSHE,
002179.XSHE,
002180.XSHE,
002181.XSHE,
002182.XSHE,
002183.XSHE,
002184.XSHE,
002185.XSHE,
002186.XSHE,
002187.XSHE,
002188.XSHE,
002189.XSHE,
002190.XSHE,
002191.XSHE,
002192.XSHE,
002193.XSHE,
002194.XSHE,
002195.XSHE,
002196.XSHE,
002197.XSHE,
002198.XSHE,
002199.XSHE,
002200.XSHE,
002201.XSHE,
002202.XSHE,
002203.XSHE,
002204.XSHE,
002205.XSHE,
002206.XSHE,
002207.XSHE,
002208.XSHE,
002209.XSHE,
002210.XSHE,
002211.XSHE,
002212.XSHE,
002213.XSHE,
002214.XSHE,
002215.XSHE,
002216.XSHE,
002217.XSHE,
002218.XSHE,
002219.XSHE,
002221.XSHE,
002222.XSHE,
002223.XSHE,
002224.XSHE,
002225.XSHE,
002226.XSHE,
002227.XSHE,
002228.XSHE,
002229.XSHE,
002230.XSHE,
002231.XSHE,
002232.XSHE,
002233.XSHE,
002234.XSHE,
002235.XSHE,
002236.XSHE,
002237.XSHE,
002238.XSHE,
002239.XSHE,
002240.XSHE,
002241.XSHE,
002242.XSHE,
002243.XSHE,
002244.XSHE,
002245.XSHE,
002246.XSHE,
002247.XSHE,
002248.XSHE,
002249.XSHE,
002250.XSHE,
002251.XSHE,
002252.XSHE,
002253.XSHE,
002254.XSHE,
002255.XSHE,
002256.XSHE,
002258.XSHE,
002259.XSHE,
002261.XSHE,
002262.XSHE,
002263.XSHE,
002264.XSHE,
002265.XSHE,
002266.XSHE,
002267.XSHE,
002268.XSHE,
002269.XSHE,
002270.XSHE,
002271.XSHE,
002272.XSHE,
002273.XSHE,
002274.XSHE,
002275.XSHE,
002276.XSHE,
002277.XSHE,
002278.XSHE,
002279.XSHE,
002280.XSHE,
002281.XSHE,
002282.XSHE,
002283.XSHE,
002284.XSHE,
002285.XSHE,
002286.XSHE,
002287.XSHE,
002288.XSHE,
002290.XSHE,
002291.XSHE,
002292.XSHE,
002293.XSHE,
002294.XSHE,
002295.XSHE,
002296.XSHE,
002297.XSHE,
002298.XSHE,
002299.XSHE,
002300.XSHE,
002301.XSHE,
002302.XSHE,
002303.XSHE,
002304.XSHE,
002305.XSHE,
002306.XSHE,
002307.XSHE,
002308.XSHE,
002309.XSHE,
002310.XSHE,
002311.XSHE,
002312.XSHE,
002313.XSHE,
002314.XSHE,
002315.XSHE,
002316.XSHE,
002317.XSHE,
002318.XSHE,
002319.XSHE,
002320.XSHE,
002321.XSHE,
002322.XSHE,
002323.XSHE,
002324.XSHE,
002325.XSHE,
002326.XSHE,
002327.XSHE,
002328.XSHE,
002329.XSHE,
002330.XSHE,
002331.XSHE,
002332.XSHE,
002333.XSHE,
002334.XSHE,
002335.XSHE,
002336.XSHE,
002337.XSHE,
002338.XSHE,
002339.XSHE,
002340.XSHE,
002341.XSHE,
002342.XSHE,
002343.XSHE,
002344.XSHE,
002345.XSHE,
002346.XSHE,
002347.XSHE,
002348.XSHE,
002349.XSHE,
002350.XSHE,
002351.XSHE,
002352.XSHE,
002353.XSHE,
002354.XSHE,
002355.XSHE,
002356.XSHE,
002357.XSHE,
002358.XSHE,
002360.XSHE,
002361.XSHE,
002362.XSHE,
002363.XSHE,
002364.XSHE,
002365.XSHE,
002366.XSHE,
002367.XSHE,
002368.XSHE,
002369.XSHE,
002370.XSHE,
002371.XSHE,
002372.XSHE,
002373.XSHE,
002374.XSHE,
002375.XSHE,
002376.XSHE,
002377.XSHE,
002378.XSHE,
002379.XSHE,
002380.XSHE,
002381.XSHE,
002382.XSHE,
002383.XSHE,
002384.XSHE,
002385.XSHE,
002386.XSHE,
002387.XSHE,
002388.XSHE,
002389.XSHE,
002390.XSHE,
002391.XSHE,
002392.XSHE,
002393.XSHE,
002394.XSHE,
002395.XSHE,
002396.XSHE,
002397.XSHE,
002398.XSHE,
002399.XSHE,
002400.XSHE,
002401.XSHE,
002402.XSHE,
002403.XSHE,
002404.XSHE,
002405.XSHE,
002406.XSHE,
002407.XSHE,
002408.XSHE,
002409.XSHE,
002410.XSHE,
002411.XSHE,
002412.XSHE,
002413.XSHE,
002414.XSHE,
002415.XSHE,
002416.XSHE,
002417.XSHE,
002418.XSHE,
002419.XSHE,
002420.XSHE,
002421.XSHE,
002422.XSHE,
002423.XSHE,
002424.XSHE,
002425.XSHE,
002426.XSHE,
002427.XSHE,
002428.XSHE,
002429.XSHE,
002430.XSHE,
002431.XSHE,
002432.XSHE,
002433.XSHE,
002434.XSHE,
002435.XSHE,
002436.XSHE,
002437.XSHE,
002438.XSHE,
002439.XSHE,
002440.XSHE,
002441.XSHE,
002442.XSHE,
002443.XSHE,
002444.XSHE,
002445.XSHE,
002446.XSHE,
002447.XSHE,
002448.XSHE,
002449.XSHE,
002451.XSHE,
002452.XSHE,
002453.XSHE,
002454.XSHE,
002455.XSHE,
002456.XSHE,
002457.XSHE,
002458.XSHE,
002459.XSHE,
002460.XSHE,
002461.XSHE,
002462.XSHE,
002463.XSHE,
002464.XSHE,
002465.XSHE,
002466.XSHE,
002467.XSHE,
002468.XSHE,
002469.XSHE,
002470.XSHE,
002471.XSHE,
002472.XSHE,
002473.XSHE,
002474.XSHE,
002475.XSHE,
002476.XSHE,
002478.XSHE,
002479.XSHE,
002480.XSHE,
002481.XSHE,
002482.XSHE,
002483.XSHE,
002484.XSHE,
002485.XSHE,
002486.XSHE,
002487.XSHE,
002488.XSHE,
002489.XSHE,
002490.XSHE,
002491.XSHE,
002492.XSHE,
002493.XSHE,
002494.XSHE,
002495.XSHE,
002496.XSHE,
002497.XSHE,
002498.XSHE,
002499.XSHE,
002500.XSHE,
002501.XSHE,
002502.XSHE,
002503.XSHE,
002504.XSHE,
002505.XSHE,
002506.XSHE,
002507.XSHE,
002508.XSHE,
002510.XSHE,
002511.XSHE,
002512.XSHE,
002513.XSHE,
002514.XSHE,
002515.XSHE,
002516.XSHE,
002517.XSHE,
002518.XSHE,
002519.XSHE,
002520.XSHE,
002521.XSHE,
002522.XSHE,
002523.XSHE,
002524.XSHE,
002526.XSHE,
002527.XSHE,
002528.XSHE,
002529.XSHE,
002530.XSHE,
002531.XSHE,
002532.XSHE,
002533.XSHE,
002534.XSHE,
002535.XSHE,
002536.XSHE,
002537.XSHE,
002538.XSHE,
002539.XSHE,
002540.XSHE,
002541.XSHE,
002542.XSHE,
002543.XSHE,
002544.XSHE,
002545.XSHE,
002546.XSHE,
002547.XSHE,
002548.XSHE,
002549.XSHE,
002550.XSHE,
002551.XSHE,
002552.XSHE,
002553.XSHE,
002554.XSHE,
002555.XSHE,
002556.XSHE,
002557.XSHE,
002558.XSHE,
002559.XSHE,
002560.XSHE,
002561.XSHE,
002562.XSHE,
002563.XSHE,
002564.XSHE,
002565.XSHE,
002566.XSHE,
002567.XSHE,
002568.XSHE,
002569.XSHE,
002570.XSHE,
002571.XSHE,
002572.XSHE,
002573.XSHE,
002574.XSHE,
002575.XSHE,
002576.XSHE,
002577.XSHE,
002578.XSHE,
002579.XSHE,
002580.XSHE,
002581.XSHE,
002582.XSHE,
002583.XSHE,
002584.XSHE,
002585.XSHE,
002586.XSHE,
002587.XSHE,
002588.XSHE,
002589.XSHE,
002590.XSHE,
002591.XSHE,
002592.XSHE,
002593.XSHE,
002594.XSHE,
002595.XSHE,
002596.XSHE,
002597.XSHE,
002598.XSHE,
002599.XSHE,
002600.XSHE,
002601.XSHE,
002602.XSHE,
002603.XSHE,
002605.XSHE,
002606.XSHE,
002607.XSHE,
002608.XSHE,
002609.XSHE,
002610.XSHE,
002611.XSHE,
002612.XSHE,
002613.XSHE,
002614.XSHE,
002615.XSHE,
002616.XSHE,
002617.XSHE,
002618.XSHE,
002619.XSHE,
002620.XSHE,
002621.XSHE,
002622.XSHE,
002623.XSHE,
002624.XSHE,
002625.XSHE,
002626.XSHE,
002627.XSHE,
002628.XSHE,
002629.XSHE,
002630.XSHE,
002631.XSHE,
002632.XSHE,
002633.XSHE,
002634.XSHE,
002635.XSHE,
002636.XSHE,
002637.XSHE,
002638.XSHE,
002639.XSHE,
002640.XSHE,
002641.XSHE,
002642.XSHE,
002643.XSHE,
002644.XSHE,
002645.XSHE,
002646.XSHE,
002647.XSHE,
002648.XSHE,
002649.XSHE,
002650.XSHE,
002651.XSHE,
002652.XSHE,
002653.XSHE,
002654.XSHE,
002655.XSHE,
002656.XSHE,
002657.XSHE,
002658.XSHE,
002659.XSHE,
002660.XSHE,
002661.XSHE,
002662.XSHE,
002663.XSHE,
002664.XSHE,
002665.XSHE,
002666.XSHE,
002667.XSHE,
002668.XSHE,
002669.XSHE,
002670.XSHE,
002671.XSHE,
002672.XSHE,
002673.XSHE,
002674.XSHE,
002675.XSHE,
002676.XSHE,
002677.XSHE,
002678.XSHE,
002679.XSHE,
002681.XSHE,
002682.XSHE,
002683.XSHE,
002684.XSHE,
002685.XSHE,
002686.XSHE,
002687.XSHE,
002688.XSHE,
002689.XSHE,
002690.XSHE,
002691.XSHE,
002692.XSHE,
002693.XSHE,
002694.XSHE,
002695.XSHE,
002696.XSHE,
002697.XSHE,
002698.XSHE,
002699.XSHE,
002700.XSHE,
002701.XSHE,
002702.XSHE,
002703.XSHE,
002705.XSHE,
002706.XSHE,
002707.XSHE,
002708.XSHE,
002709.XSHE,
002712.XSHE,
002713.XSHE,
002714.XSHE,
002715.XSHE,
002716.XSHE,
002717.XSHE,
002718.XSHE,
002719.XSHE,
002721.XSHE,
002722.XSHE,
002723.XSHE,
002724.XSHE,
002725.XSHE,
002726.XSHE,
002727.XSHE,
002728.XSHE,
002729.XSHE,
002730.XSHE,
002731.XSHE,
002732.XSHE,
002733.XSHE,
002734.XSHE,
002735.XSHE,
002736.XSHE,
002737.XSHE,
002738.XSHE,
002739.XSHE,
002740.XSHE,
002741.XSHE,
002742.XSHE,
002743.XSHE,
002745.XSHE,
002746.XSHE,
002747.XSHE,
002748.XSHE,
002749.XSHE,
002750.XSHE,
002751.XSHE,
002752.XSHE,
002753.XSHE,
002755.XSHE,
002756.XSHE,
002757.XSHE,
002758.XSHE,
002759.XSHE,
002760.XSHE,
002761.XSHE,
002762.XSHE,
002763.XSHE,
002765.XSHE,
002766.XSHE,
002767.XSHE,
002768.XSHE,
002769.XSHE,
002770.XSHE,
002771.XSHE,
002772.XSHE,
002773.XSHE,
002774.XSHE,
002775.XSHE,
002776.XSHE,
002777.XSHE,
002778.XSHE,
002779.XSHE,
002780.XSHE,
002781.XSHE,
002782.XSHE,
002783.XSHE,
002785.XSHE,
002786.XSHE,
002787.XSHE,
002788.XSHE,
002789.XSHE,
002790.XSHE,
002791.XSHE,
002792.XSHE,
002793.XSHE,
002795.XSHE,
002796.XSHE,
002797.XSHE,
002798.XSHE,
002799.XSHE,
002800.XSHE,
002801.XSHE,
002802.XSHE,
002803.XSHE,
002805.XSHE,
002806.XSHE,
002807.XSHE,
002808.XSHE,
002809.XSHE,
002810.XSHE,
002811.XSHE,
002812.XSHE,
002813.XSHE,
002815.XSHE,
002816.XSHE,
002817.XSHE,
002818.XSHE,
002819.XSHE,
002820.XSHE,
002821.XSHE,
002822.XSHE,
002823.XSHE,
002824.XSHE,
002825.XSHE,
002826.XSHE,
002827.XSHE,
002828.XSHE,
002829.XSHE,
002830.XSHE,
002831.XSHE,
002832.XSHE,
002833.XSHE,
002835.XSHE,
002836.XSHE,
002837.XSHE,
002838.XSHE,
002839.XSHE,
002840.XSHE,
002841.XSHE,
002842.XSHE,
002843.XSHE,
002845.XSHE,
002846.XSHE,
002847.XSHE,
002848.XSHE,
002849.XSHE,
002850.XSHE,
002851.XSHE,
002852.XSHE,
002853.XSHE,
002855.XSHE,
002856.XSHE,
002857.XSHE,
002858.XSHE,
002859.XSHE,
002860.XSHE,
002861.XSHE,
002862.XSHE,
002863.XSHE,
002864.XSHE,
002865.XSHE,
002866.XSHE,
002867.XSHE,
002868.XSHE,
002869.XSHE,
002870.XSHE,
002871.XSHE,
002872.XSHE,
002873.XSHE,
002875.XSHE,
002876.XSHE,
002877.XSHE,
002878.XSHE,
002879.XSHE,
002880.XSHE,
002881.XSHE,
002882.XSHE,
002883.XSHE,
002884.XSHE,
002885.XSHE,
002886.XSHE,
002887.XSHE,
002888.XSHE,
002889.XSHE,
002890.XSHE,
002891.XSHE,
002892.XSHE,
002893.XSHE,
002895.XSHE,
002896.XSHE,
002897.XSHE,
002898.XSHE,
002899.XSHE,
002900.XSHE,
002901.XSHE,
002902.XSHE,
002903.XSHE,
002905.XSHE,
002906.XSHE,
002907.XSHE,
002908.XSHE,
002909.XSHE,
002910.XSHE,
002911.XSHE,
002912.XSHE,
002913.XSHE,
002915.XSHE,
002916.XSHE,
002917.XSHE,
002918.XSHE,
002919.XSHE,
002920.XSHE,
002921.XSHE,
002922.XSHE,
002923.XSHE,
002925.XSHE,
002926.XSHE,
002927.XSHE,
002928.XSHE,
002929.XSHE,
002930.XSHE,
002931.XSHE,
002932.XSHE,
002933.XSHE,
002935.XSHE,
002936.XSHE,
002937.XSHE,
002938.XSHE,
002939.XSHE,
002940.XSHE,
002941.XSHE,
002942.XSHE,
002943.XSHE,
002945.XSHE,
002946.XSHE,
002947.XSHE,
002948.XSHE,
002949.XSHE,
002950.XSHE,
002951.XSHE,
002952.XSHE,
002953.XSHE,
002955.XSHE,
002956.XSHE,
002957.XSHE,
002958.XSHE,
002959.XSHE,
002960.XSHE,
002961.XSHE,
002962.XSHE,
002963.XSHE,
002965.XSHE,
002966.XSHE,
002967.XSHE,
002968.XSHE,
002969.XSHE,
002970.XSHE,
002971.XSHE,
002972.XSHE,
002973.XSHE,
002975.XSHE,
002976.XSHE,
002977.XSHE,
002978.XSHE,
002979.XSHE,
002980.XSHE,
002981.XSHE,
002982.XSHE,
002983.XSHE,
002984.XSHE,
002985.XSHE,
002986.XSHE,
002987.XSHE,
002988.XSHE,
002989.XSHE,
002990.XSHE,
002991.XSHE,
002992.XSHE,
002993.XSHE,
002995.XSHE,
002996.XSHE,
002997.XSHE,
002998.XSHE,
002999.XSHE,
003000.XSHE,
003001.XSHE,
003002.XSHE,
003003.XSHE,
003004.XSHE,
003005.XSHE,
003006.XSHE,
003007.XSHE,
003008.XSHE,
003009.XSHE,
003010.XSHE,
003011.XSHE,
003012.XSHE,
003013.XSHE,
003015.XSHE,
003016.XSHE,
003017.XSHE,
003018.XSHE,
003019.XSHE,
003020.XSHE,
003021.XSHE,
003022.XSHE,
003023.XSHE,
003025.XSHE,
003026.XSHE,
003027.XSHE,
003028.XSHE,
003029.XSHE,
003030.XSHE,
003031.XSHE,
003032.XSHE,
003033.XSHE,
003035.XSHE,
003036.XSHE,
003816.XSHE,
300001.XSHE,
300002.XSHE,
300003.XSHE,
300004.XSHE,
300005.XSHE,
300006.XSHE,
300007.XSHE,
300008.XSHE,
300009.XSHE,
300010.XSHE,
300011.XSHE,
300012.XSHE,
300013.XSHE,
300014.XSHE,
300015.XSHE,
300016.XSHE,
300017.XSHE,
300018.XSHE,
300019.XSHE,
300020.XSHE,
300021.XSHE,
300022.XSHE,
300023.XSHE,
300024.XSHE,
300025.XSHE,
300026.XSHE,
300027.XSHE,
300029.XSHE,
300030.XSHE,
300031.XSHE,
300032.XSHE,
300033.XSHE,
300034.XSHE,
300035.XSHE,
300036.XSHE,
300037.XSHE,
300038.XSHE,
300039.XSHE,
300040.XSHE,
300041.XSHE,
300042.XSHE,
300043.XSHE,
300044.XSHE,
300045.XSHE,
300046.XSHE,
300047.XSHE,
300048.XSHE,
300049.XSHE,
300050.XSHE,
300051.XSHE,
300052.XSHE,
300053.XSHE,
300054.XSHE,
300055.XSHE,
300056.XSHE,
300057.XSHE,
300058.XSHE,
300059.XSHE,
300061.XSHE,
300062.XSHE,
300063.XSHE,
300064.XSHE,
300065.XSHE,
300066.XSHE,
300067.XSHE,
300068.XSHE,
300069.XSHE,
300070.XSHE,
300071.XSHE,
300072.XSHE,
300073.XSHE,
300074.XSHE,
300075.XSHE,
300076.XSHE,
300077.XSHE,
300078.XSHE,
300079.XSHE,
300080.XSHE,
300081.XSHE,
300082.XSHE,
300083.XSHE,
300084.XSHE,
300085.XSHE,
300086.XSHE,
300087.XSHE,
300088.XSHE,
300089.XSHE,
300091.XSHE,
300092.XSHE,
300093.XSHE,
300094.XSHE,
300095.XSHE,
300096.XSHE,
300097.XSHE,
300098.XSHE,
300099.XSHE,
300100.XSHE,
300101.XSHE,
300102.XSHE,
300103.XSHE,
300105.XSHE,
300106.XSHE,
300107.XSHE,
300108.XSHE,
300109.XSHE,
300110.XSHE,
300111.XSHE,
300112.XSHE,
300113.XSHE,
300114.XSHE,
300115.XSHE,
300116.XSHE,
300117.XSHE,
300118.XSHE,
300119.XSHE,
300120.XSHE,
300121.XSHE,
300122.XSHE,
300123.XSHE,
300124.XSHE,
300125.XSHE,
300126.XSHE,
300127.XSHE,
300128.XSHE,
300129.XSHE,
300130.XSHE,
300131.XSHE,
300132.XSHE,
300133.XSHE,
300134.XSHE,
300135.XSHE,
300136.XSHE,
300137.XSHE,
300138.XSHE,
300139.XSHE,
300140.XSHE,
300141.XSHE,
300142.XSHE,
300143.XSHE,
300144.XSHE,
300145.XSHE,
300146.XSHE,
300147.XSHE,
300148.XSHE,
300149.XSHE,
300150.XSHE,
300151.XSHE,
300152.XSHE,
300153.XSHE,
300154.XSHE,
300155.XSHE,
300157.XSHE,
300158.XSHE,
300159.XSHE,
300160.XSHE,
300161.XSHE,
300162.XSHE,
300163.XSHE,
300164.XSHE,
300165.XSHE,
300166.XSHE,
300167.XSHE,
300168.XSHE,
300169.XSHE,
300170.XSHE,
300171.XSHE,
300172.XSHE,
300173.XSHE,
300174.XSHE,
300175.XSHE,
300176.XSHE,
300177.XSHE,
300178.XSHE,
300179.XSHE,
300180.XSHE,
300181.XSHE,
300182.XSHE,
300183.XSHE,
300184.XSHE,
300185.XSHE,
300187.XSHE,
300188.XSHE,
300189.XSHE,
300190.XSHE,
300191.XSHE,
300192.XSHE,
300193.XSHE,
300194.XSHE,
300195.XSHE,
300196.XSHE,
300197.XSHE,
300198.XSHE,
300199.XSHE,
300200.XSHE,
300201.XSHE,
300202.XSHE,
300203.XSHE,
300204.XSHE,
300205.XSHE,
300206.XSHE,
300207.XSHE,
300208.XSHE,
300209.XSHE,
300210.XSHE,
300211.XSHE,
300212.XSHE,
300213.XSHE,
300214.XSHE,
300215.XSHE,
300217.XSHE,
300218.XSHE,
300219.XSHE,
300220.XSHE,
300221.XSHE,
300222.XSHE,
300223.XSHE,
300224.XSHE,
300225.XSHE,
300226.XSHE,
300227.XSHE,
300228.XSHE,
300229.XSHE,
300230.XSHE,
300231.XSHE,
300232.XSHE,
300233.XSHE,
300234.XSHE,
300235.XSHE,
300236.XSHE,
300237.XSHE,
300238.XSHE,
300239.XSHE,
300240.XSHE,
300241.XSHE,
300242.XSHE,
300243.XSHE,
300244.XSHE,
300245.XSHE,
300246.XSHE,
300247.XSHE,
300248.XSHE,
300249.XSHE,
300250.XSHE,
300251.XSHE,
300252.XSHE,
300253.XSHE,
300254.XSHE,
300255.XSHE,
300256.XSHE,
300257.XSHE,
300258.XSHE,
300259.XSHE,
300260.XSHE,
300261.XSHE,
300262.XSHE,
300263.XSHE,
300264.XSHE,
300265.XSHE,
300266.XSHE,
300267.XSHE,
300268.XSHE,
300269.XSHE,
300270.XSHE,
300271.XSHE,
300272.XSHE,
300273.XSHE,
300274.XSHE,
300275.XSHE,
300276.XSHE,
300277.XSHE,
300278.XSHE,
300279.XSHE,
300280.XSHE,
300281.XSHE,
300282.XSHE,
300283.XSHE,
300284.XSHE,
300285.XSHE,
300286.XSHE,
300287.XSHE,
300288.XSHE,
300289.XSHE,
300290.XSHE,
300291.XSHE,
300292.XSHE,
300293.XSHE,
300294.XSHE,
300295.XSHE,
300296.XSHE,
300297.XSHE,
300298.XSHE,
300299.XSHE,
300300.XSHE,
300301.XSHE,
300302.XSHE,
300303.XSHE,
300304.XSHE,
300305.XSHE,
300306.XSHE,
300307.XSHE,
300308.XSHE,
300309.XSHE,
300310.XSHE,
300311.XSHE,
300312.XSHE,
300313.XSHE,
300314.XSHE,
300315.XSHE,
300316.XSHE,
300317.XSHE,
300318.XSHE,
300319.XSHE,
300320.XSHE,
300321.XSHE,
300322.XSHE,
300323.XSHE,
300324.XSHE,
300325.XSHE,
300326.XSHE,
300327.XSHE,
300328.XSHE,
300329.XSHE,
300330.XSHE,
300331.XSHE,
300332.XSHE,
300333.XSHE,
300334.XSHE,
300335.XSHE,
300336.XSHE,
300337.XSHE,
300338.XSHE,
300339.XSHE,
300340.XSHE,
300341.XSHE,
300342.XSHE,
300343.XSHE,
300344.XSHE,
300345.XSHE,
300346.XSHE,
300347.XSHE,
300348.XSHE,
300349.XSHE,
300350.XSHE,
300351.XSHE,
300352.XSHE,
300353.XSHE,
300354.XSHE,
300355.XSHE,
300356.XSHE,
300357.XSHE,
300358.XSHE,
300359.XSHE,
300360.XSHE,
300363.XSHE,
300364.XSHE,
300365.XSHE,
300366.XSHE,
300367.XSHE,
300368.XSHE,
300369.XSHE,
300370.XSHE,
300371.XSHE,
300373.XSHE,
300374.XSHE,
300375.XSHE,
300376.XSHE,
300377.XSHE,
300378.XSHE,
300379.XSHE,
300380.XSHE,
300381.XSHE,
300382.XSHE,
300383.XSHE,
300384.XSHE,
300385.XSHE,
300386.XSHE,
300387.XSHE,
300388.XSHE,
300389.XSHE,
300390.XSHE,
300391.XSHE,
300392.XSHE,
300393.XSHE,
300394.XSHE,
300395.XSHE,
300396.XSHE,
300397.XSHE,
300398.XSHE,
300399.XSHE,
300400.XSHE,
300401.XSHE,
300402.XSHE,
300403.XSHE,
300404.XSHE,
300405.XSHE,
300406.XSHE,
300407.XSHE,
300408.XSHE,
300409.XSHE,
300410.XSHE,
300411.XSHE,
300412.XSHE,
300413.XSHE,
300414.XSHE,
300415.XSHE,
300416.XSHE,
300417.XSHE,
300418.XSHE,
300419.XSHE,
300420.XSHE,
300421.XSHE,
300422.XSHE,
300423.XSHE,
300424.XSHE,
300425.XSHE,
300426.XSHE,
300427.XSHE,
300428.XSHE,
300429.XSHE,
300430.XSHE,
300432.XSHE,
300433.XSHE,
300434.XSHE,
300435.XSHE,
300436.XSHE,
300437.XSHE,
300438.XSHE,
300439.XSHE,
300440.XSHE,
300441.XSHE,
300442.XSHE,
300443.XSHE,
300444.XSHE,
300445.XSHE,
300446.XSHE,
300447.XSHE,
300448.XSHE,
300449.XSHE,
300450.XSHE,
300451.XSHE,
300452.XSHE,
300453.XSHE,
300454.XSHE,
300455.XSHE,
300456.XSHE,
300457.XSHE,
300458.XSHE,
300459.XSHE,
300460.XSHE,
300461.XSHE,
300462.XSHE,
300463.XSHE,
300464.XSHE,
300465.XSHE,
300466.XSHE,
300467.XSHE,
300468.XSHE,
300469.XSHE,
300470.XSHE,
300471.XSHE,
300472.XSHE,
300473.XSHE,
300474.XSHE,
300475.XSHE,
300476.XSHE,
300477.XSHE,
300478.XSHE,
300479.XSHE,
300480.XSHE,
300481.XSHE,
300482.XSHE,
300483.XSHE,
300484.XSHE,
300485.XSHE,
300486.XSHE,
300487.XSHE,
300488.XSHE,
300489.XSHE,
300490.XSHE,
300491.XSHE,
300492.XSHE,
300493.XSHE,
300494.XSHE,
300495.XSHE,
300496.XSHE,
300497.XSHE,
300498.XSHE,
300499.XSHE,
300500.XSHE,
300501.XSHE,
300502.XSHE,
300503.XSHE,
300504.XSHE,
300505.XSHE,
300506.XSHE,
300507.XSHE,
300508.XSHE,
300509.XSHE,
300510.XSHE,
300511.XSHE,
300512.XSHE,
300513.XSHE,
300514.XSHE,
300515.XSHE,
300516.XSHE,
300517.XSHE,
300518.XSHE,
300519.XSHE,
300520.XSHE,
300521.XSHE,
300522.XSHE,
300523.XSHE,
300525.XSHE,
300526.XSHE,
300527.XSHE,
300528.XSHE,
300529.XSHE,
300530.XSHE,
300531.XSHE,
300532.XSHE,
300533.XSHE,
300534.XSHE,
300535.XSHE,
300536.XSHE,
300537.XSHE,
300538.XSHE,
300539.XSHE,
300540.XSHE,
300541.XSHE,
300542.XSHE,
300543.XSHE,
300545.XSHE,
300546.XSHE,
300547.XSHE,
300548.XSHE,
300549.XSHE,
300550.XSHE,
300551.XSHE,
300552.XSHE,
300553.XSHE,
300554.XSHE,
300555.XSHE,
300556.XSHE,
300557.XSHE,
300558.XSHE,
300559.XSHE,
300560.XSHE,
300561.XSHE,
300562.XSHE,
300563.XSHE,
300564.XSHE,
300565.XSHE,
300566.XSHE,
300567.XSHE,
300568.XSHE,
300569.XSHE,
300570.XSHE,
300571.XSHE,
300572.XSHE,
300573.XSHE,
300575.XSHE,
300576.XSHE,
300577.XSHE,
300578.XSHE,
300579.XSHE,
300580.XSHE,
300581.XSHE,
300582.XSHE,
300583.XSHE,
300584.XSHE,
300585.XSHE,
300586.XSHE,
300587.XSHE,
300588.XSHE,
300589.XSHE,
300590.XSHE,
300591.XSHE,
300592.XSHE,
300593.XSHE,
300594.XSHE,
300595.XSHE,
300596.XSHE,
300597.XSHE,
300598.XSHE,
300599.XSHE,
300600.XSHE,
300601.XSHE,
300602.XSHE,
300603.XSHE,
300604.XSHE,
300605.XSHE,
300606.XSHE,
300607.XSHE,
300608.XSHE,
300609.XSHE,
300610.XSHE,
300611.XSHE,
300612.XSHE,
300613.XSHE,
300615.XSHE,
300616.XSHE,
300617.XSHE,
300618.XSHE,
300619.XSHE,
300620.XSHE,
300621.XSHE,
300622.XSHE,
300623.XSHE,
300624.XSHE,
300625.XSHE,
300626.XSHE,
300627.XSHE,
300628.XSHE,
300629.XSHE,
300630.XSHE,
300631.XSHE,
300632.XSHE,
300633.XSHE,
300634.XSHE,
300635.XSHE,
300636.XSHE,
300637.XSHE,
300638.XSHE,
300639.XSHE,
300640.XSHE,
300641.XSHE,
300642.XSHE,
300643.XSHE,
300644.XSHE,
300645.XSHE,
300647.XSHE,
300648.XSHE,
300649.XSHE,
300650.XSHE,
300651.XSHE,
300652.XSHE,
300653.XSHE,
300654.XSHE,
300655.XSHE,
300656.XSHE,
300657.XSHE,
300658.XSHE,
300659.XSHE,
300660.XSHE,
300661.XSHE,
300662.XSHE,
300663.XSHE,
300664.XSHE,
300665.XSHE,
300666.XSHE,
300667.XSHE,
300668.XSHE,
300669.XSHE,
300670.XSHE,
300671.XSHE,
300672.XSHE,
300673.XSHE,
300674.XSHE,
300675.XSHE,
300676.XSHE,
300677.XSHE,
300678.XSHE,
300679.XSHE,
300680.XSHE,
300681.XSHE,
300682.XSHE,
300683.XSHE,
300684.XSHE,
300685.XSHE,
300686.XSHE,
300687.XSHE,
300688.XSHE,
300689.XSHE,
300690.XSHE,
300691.XSHE,
300692.XSHE,
300693.XSHE,
300694.XSHE,
300695.XSHE,
300696.XSHE,
300697.XSHE,
300698.XSHE,
300699.XSHE,
300700.XSHE,
300701.XSHE,
300702.XSHE,
300703.XSHE,
300705.XSHE,
300706.XSHE,
300707.XSHE,
300708.XSHE,
300709.XSHE,
300710.XSHE,
300711.XSHE,
300712.XSHE,
300713.XSHE,
300715.XSHE,
300716.XSHE,
300717.XSHE,
300718.XSHE,
300719.XSHE,
300720.XSHE,
300721.XSHE,
300722.XSHE,
300723.XSHE,
300724.XSHE,
300725.XSHE,
300726.XSHE,
300727.XSHE,
300729.XSHE,
300730.XSHE,
300731.XSHE,
300732.XSHE,
300733.XSHE,
300735.XSHE,
300736.XSHE,
300737.XSHE,
300738.XSHE,
300739.XSHE,
300740.XSHE,
300741.XSHE,
300742.XSHE,
300743.XSHE,
300745.XSHE,
300746.XSHE,
300747.XSHE,
300748.XSHE,
300749.XSHE,
300750.XSHE,
300751.XSHE,
300752.XSHE,
300753.XSHE,
300755.XSHE,
300756.XSHE,
300757.XSHE,
300758.XSHE,
300759.XSHE,
300760.XSHE,
300761.XSHE,
300762.XSHE,
300763.XSHE,
300765.XSHE,
300766.XSHE,
300767.XSHE,
300768.XSHE,
300769.XSHE,
300770.XSHE,
300771.XSHE,
300772.XSHE,
300773.XSHE,
300775.XSHE,
300776.XSHE,
300777.XSHE,
300778.XSHE,
300779.XSHE,
300780.XSHE,
300781.XSHE,
300782.XSHE,
300783.XSHE,
300785.XSHE,
300786.XSHE,
300787.XSHE,
300788.XSHE,
300789.XSHE,
300790.XSHE,
300791.XSHE,
300792.XSHE,
300793.XSHE,
300795.XSHE,
300796.XSHE,
300797.XSHE,
300798.XSHE,
300799.XSHE,
300800.XSHE,
300801.XSHE,
300802.XSHE,
300803.XSHE,
300805.XSHE,
300806.XSHE,
300807.XSHE,
300808.XSHE,
300809.XSHE,
300810.XSHE,
300811.XSHE,
300812.XSHE,
300813.XSHE,
300815.XSHE,
300816.XSHE,
300817.XSHE,
300818.XSHE,
300819.XSHE,
300820.XSHE,
300821.XSHE,
300822.XSHE,
300823.XSHE,
300824.XSHE,
300825.XSHE,
300826.XSHE,
300827.XSHE,
300828.XSHE,
300829.XSHE,
300830.XSHE,
300831.XSHE,
300832.XSHE,
300833.XSHE,
300835.XSHE,
300836.XSHE,
300837.XSHE,
300838.XSHE,
300839.XSHE,
300840.XSHE,
300841.XSHE,
300842.XSHE,
300843.XSHE,
300845.XSHE,
300846.XSHE,
300847.XSHE,
300848.XSHE,
300849.XSHE,
300850.XSHE,
300851.XSHE,
300852.XSHE,
300853.XSHE,
300855.XSHE,
300856.XSHE,
300857.XSHE,
300858.XSHE,
300859.XSHE,
300860.XSHE,
300861.XSHE,
300862.XSHE,
300863.XSHE,
300864.XSHE,
300865.XSHE,
300866.XSHE,
300867.XSHE,
300868.XSHE,
300869.XSHE,
300870.XSHE,
300871.XSHE,
300872.XSHE,
300873.XSHE,
300875.XSHE,
300876.XSHE,
300877.XSHE,
300878.XSHE,
300879.XSHE,
300880.XSHE,
300881.XSHE,
300882.XSHE,
300883.XSHE,
300884.XSHE,
300885.XSHE,
300886.XSHE,
300887.XSHE,
300888.XSHE,
300889.XSHE,
300890.XSHE,
300891.XSHE,
300892.XSHE,
300893.XSHE,
300894.XSHE,
300895.XSHE,
300896.XSHE,
300897.XSHE,
300898.XSHE,
300899.XSHE,
300900.XSHE,
300901.XSHE,
300902.XSHE,
300903.XSHE,
300905.XSHE,
300906.XSHE,
300907.XSHE,
300908.XSHE,
300909.XSHE,
300910.XSHE,
300911.XSHE,
300912.XSHE,
300913.XSHE,
300915.XSHE,
300916.XSHE,
300917.XSHE,
300918.XSHE,
300919.XSHE,
300920.XSHE,
300921.XSHE,
300922.XSHE,
300923.XSHE,
300925.XSHE,
300926.XSHE,
300927.XSHE,
300928.XSHE,
300929.XSHE,
300930.XSHE,
300931.XSHE,
300932.XSHE,
300933.XSHE,
300935.XSHE,
300936.XSHE,
300937.XSHE,
300938.XSHE,
300939.XSHE,
300999.XSHE,
600000.XSHG,
600004.XSHG,
600006.XSHG,
600007.XSHG,
600008.XSHG,
600009.XSHG,
600010.XSHG,
600011.XSHG,
600012.XSHG,
600015.XSHG,
600016.XSHG,
600017.XSHG,
600018.XSHG,
600019.XSHG,
600020.XSHG,
600021.XSHG,
600022.XSHG,
600023.XSHG,
600025.XSHG,
600026.XSHG,
600027.XSHG,
600028.XSHG,
600029.XSHG,
600030.XSHG,
600031.XSHG,
600033.XSHG,
600035.XSHG,
600036.XSHG,
600037.XSHG,
600038.XSHG,
600039.XSHG,
600048.XSHG,
600050.XSHG,
600051.XSHG,
600052.XSHG,
600053.XSHG,
600054.XSHG,
600055.XSHG,
600056.XSHG,
600057.XSHG,
600058.XSHG,
600059.XSHG,
600060.XSHG,
600061.XSHG,
600062.XSHG,
600063.XSHG,
600064.XSHG,
600066.XSHG,
600067.XSHG,
600068.XSHG,
600070.XSHG,
600071.XSHG,
600072.XSHG,
600073.XSHG,
600075.XSHG,
600076.XSHG,
600077.XSHG,
600078.XSHG,
600079.XSHG,
600080.XSHG,
600081.XSHG,
600082.XSHG,
600083.XSHG,
600084.XSHG,
600085.XSHG,
600086.XSHG,
600088.XSHG,
600089.XSHG,
600090.XSHG,
600091.XSHG,
600093.XSHG,
600094.XSHG,
600095.XSHG,
600096.XSHG,
600097.XSHG,
600098.XSHG,
600099.XSHG,
600100.XSHG,
600101.XSHG,
600103.XSHG,
600104.XSHG,
600105.XSHG,
600106.XSHG,
600107.XSHG,
600108.XSHG,
600109.XSHG,
600110.XSHG,
600111.XSHG,
600112.XSHG,
600113.XSHG,
600114.XSHG,
600115.XSHG,
600116.XSHG,
600117.XSHG,
600118.XSHG,
600119.XSHG,
600120.XSHG,
600121.XSHG,
600122.XSHG,
600123.XSHG,
600125.XSHG,
600126.XSHG,
600127.XSHG,
600128.XSHG,
600129.XSHG,
600130.XSHG,
600131.XSHG,
600132.XSHG,
600133.XSHG,
600135.XSHG,
600136.XSHG,
600137.XSHG,
600138.XSHG,
600139.XSHG,
600141.XSHG,
600143.XSHG,
600145.XSHG,
600146.XSHG,
600148.XSHG,
600149.XSHG,
600150.XSHG,
600151.XSHG,
600152.XSHG,
600153.XSHG,
600155.XSHG,
600156.XSHG,
600157.XSHG,
600158.XSHG,
600159.XSHG,
600160.XSHG,
600161.XSHG,
600162.XSHG,
600163.XSHG,
600165.XSHG,
600166.XSHG,
600167.XSHG,
600168.XSHG,
600169.XSHG,
600170.XSHG,
600171.XSHG,
600172.XSHG,
600173.XSHG,
600176.XSHG,
600177.XSHG,
600178.XSHG,
600179.XSHG,
600180.XSHG,
600182.XSHG,
600183.XSHG,
600184.XSHG,
600185.XSHG,
600186.XSHG,
600187.XSHG,
600188.XSHG,
600189.XSHG,
600190.XSHG,
600191.XSHG,
600192.XSHG,
600193.XSHG,
600195.XSHG,
600196.XSHG,
600197.XSHG,
600198.XSHG,
600199.XSHG,
600200.XSHG,
600201.XSHG,
600202.XSHG,
600203.XSHG,
600206.XSHG,
600207.XSHG,
600208.XSHG,
600209.XSHG,
600210.XSHG,
600211.XSHG,
600212.XSHG,
600213.XSHG,
600215.XSHG,
600216.XSHG,
600217.XSHG,
600218.XSHG,
600219.XSHG,
600220.XSHG,
600221.XSHG,
600222.XSHG,
600223.XSHG,
600225.XSHG,
600226.XSHG,
600227.XSHG,
600228.XSHG,
600229.XSHG,
600230.XSHG,
600231.XSHG,
600232.XSHG,
600233.XSHG,
600234.XSHG,
600235.XSHG,
600236.XSHG,
600237.XSHG,
600238.XSHG,
600239.XSHG,
600241.XSHG,
600242.XSHG,
600243.XSHG,
600246.XSHG,
600247.XSHG,
600248.XSHG,
600249.XSHG,
600250.XSHG,
600251.XSHG,
600252.XSHG,
600255.XSHG,
600256.XSHG,
600257.XSHG,
600258.XSHG,
600259.XSHG,
600260.XSHG,
600261.XSHG,
600262.XSHG,
600265.XSHG,
600266.XSHG,
600267.XSHG,
600268.XSHG,
600269.XSHG,
600271.XSHG,
600272.XSHG,
600273.XSHG,
600275.XSHG,
600276.XSHG,
600277.XSHG,
600278.XSHG,
600279.XSHG,
600280.XSHG,
600281.XSHG,
600282.XSHG,
600283.XSHG,
600284.XSHG,
600285.XSHG,
600287.XSHG,
600288.XSHG,
600289.XSHG,
600290.XSHG,
600291.XSHG,
600292.XSHG,
600293.XSHG,
600295.XSHG,
600297.XSHG,
600298.XSHG,
600299.XSHG,
600300.XSHG,
600301.XSHG,
600302.XSHG,
600303.XSHG,
600305.XSHG,
600306.XSHG,
600307.XSHG,
600308.XSHG,
600309.XSHG,
600310.XSHG,
600311.XSHG,
600312.XSHG,
600313.XSHG,
600315.XSHG,
600316.XSHG,
600318.XSHG,
600319.XSHG,
600320.XSHG,
600321.XSHG,
600322.XSHG,
600323.XSHG,
600325.XSHG,
600326.XSHG,
600327.XSHG,
600328.XSHG,
600329.XSHG,
600330.XSHG,
600331.XSHG,
600332.XSHG,
600333.XSHG,
600335.XSHG,
600336.XSHG,
600337.XSHG,
600338.XSHG,
600339.XSHG,
600340.XSHG,
600343.XSHG,
600345.XSHG,
600346.XSHG,
600348.XSHG,
600350.XSHG,
600351.XSHG,
600352.XSHG,
600353.XSHG,
600354.XSHG,
600355.XSHG,
600356.XSHG,
600358.XSHG,
600359.XSHG,
600360.XSHG,
600361.XSHG,
600362.XSHG,
600363.XSHG,
600365.XSHG,
600366.XSHG,
600367.XSHG,
600368.XSHG,
600369.XSHG,
600370.XSHG,
600371.XSHG,
600372.XSHG,
600373.XSHG,
600375.XSHG,
600376.XSHG,
600377.XSHG,
600378.XSHG,
600379.XSHG,
600380.XSHG,
600381.XSHG,
600382.XSHG,
600383.XSHG,
600385.XSHG,
600386.XSHG,
600387.XSHG,
600388.XSHG,
600389.XSHG,
600390.XSHG,
600391.XSHG,
600392.XSHG,
600393.XSHG,
600395.XSHG,
600396.XSHG,
600397.XSHG,
600398.XSHG,
600399.XSHG,
600400.XSHG,
600403.XSHG,
600405.XSHG,
600406.XSHG,
600408.XSHG,
600409.XSHG,
600410.XSHG,
600415.XSHG,
600416.XSHG,
600418.XSHG,
600419.XSHG,
600420.XSHG,
600421.XSHG,
600422.XSHG,
600423.XSHG,
600425.XSHG,
600426.XSHG,
600428.XSHG,
600429.XSHG,
600433.XSHG,
600435.XSHG,
600436.XSHG,
600438.XSHG,
600439.XSHG,
600444.XSHG,
600446.XSHG,
600448.XSHG,
600449.XSHG,
600452.XSHG,
600455.XSHG,
600456.XSHG,
600458.XSHG,
600459.XSHG,
600460.XSHG,
600462.XSHG,
600463.XSHG,
600466.XSHG,
600467.XSHG,
600468.XSHG,
600469.XSHG,
600470.XSHG,
600475.XSHG,
600476.XSHG,
600477.XSHG,
600478.XSHG,
600479.XSHG,
600480.XSHG,
600481.XSHG,
600482.XSHG,
600483.XSHG,
600486.XSHG,
600487.XSHG,
600488.XSHG,
600489.XSHG,
600490.XSHG,
600491.XSHG,
600493.XSHG,
600495.XSHG,
600496.XSHG,
600497.XSHG,
600498.XSHG,
600499.XSHG,
600500.XSHG,
600501.XSHG,
600502.XSHG,
600503.XSHG,
600505.XSHG,
600506.XSHG,
600507.XSHG,
600508.XSHG,
600509.XSHG,
600510.XSHG,
600511.XSHG,
600512.XSHG,
600513.XSHG,
600515.XSHG,
600516.XSHG,
600517.XSHG,
600518.XSHG,
600519.XSHG,
600520.XSHG,
600521.XSHG,
600522.XSHG,
600523.XSHG,
600525.XSHG,
600526.XSHG,
600527.XSHG,
600528.XSHG,
600529.XSHG,
600530.XSHG,
600531.XSHG,
600532.XSHG,
600533.XSHG,
600535.XSHG,
600536.XSHG,
600537.XSHG,
600538.XSHG,
600539.XSHG,
600540.XSHG,
600543.XSHG,
600545.XSHG,
600546.XSHG,
600547.XSHG,
600548.XSHG,
600549.XSHG,
600550.XSHG,
600551.XSHG,
600552.XSHG,
600555.XSHG,
600556.XSHG,
600557.XSHG,
600558.XSHG,
600559.XSHG,
600560.XSHG,
600561.XSHG,
600562.XSHG,
600563.XSHG,
600565.XSHG,
600566.XSHG,
600567.XSHG,
600568.XSHG,
600569.XSHG,
600570.XSHG,
600571.XSHG,
600572.XSHG,
600573.XSHG,
600575.XSHG,
600576.XSHG,
600577.XSHG,
600578.XSHG,
600579.XSHG,
600580.XSHG,
600581.XSHG,
600582.XSHG,
600583.XSHG,
600584.XSHG,
600585.XSHG,
600586.XSHG,
600587.XSHG,
600588.XSHG,
600589.XSHG,
600590.XSHG,
600592.XSHG,
600593.XSHG,
600594.XSHG,
600595.XSHG,
600596.XSHG,
600597.XSHG,
600598.XSHG,
600599.XSHG,
600600.XSHG,
600601.XSHG,
600602.XSHG,
600603.XSHG,
600604.XSHG,
600605.XSHG,
600606.XSHG,
600608.XSHG,
600609.XSHG,
600610.XSHG,
600611.XSHG,
600612.XSHG,
600613.XSHG,
600615.XSHG,
600616.XSHG,
600617.XSHG,
600618.XSHG,
600619.XSHG,
600620.XSHG,
600621.XSHG,
600622.XSHG,
600623.XSHG,
600624.XSHG,
600626.XSHG,
600628.XSHG,
600629.XSHG,
600630.XSHG,
600633.XSHG,
600635.XSHG,
600636.XSHG,
600637.XSHG,
600638.XSHG,
600639.XSHG,
600640.XSHG,
600641.XSHG,
600642.XSHG,
600643.XSHG,
600644.XSHG,
600645.XSHG,
600647.XSHG,
600648.XSHG,
600649.XSHG,
600650.XSHG,
600651.XSHG,
600652.XSHG,
600653.XSHG,
600654.XSHG,
600655.XSHG,
600657.XSHG,
600658.XSHG,
600660.XSHG,
600661.XSHG,
600662.XSHG,
600663.XSHG,
600664.XSHG,
600665.XSHG,
600666.XSHG,
600667.XSHG,
600668.XSHG,
600671.XSHG,
600673.XSHG,
600674.XSHG,
600675.XSHG,
600676.XSHG,
600678.XSHG,
600679.XSHG,
600681.XSHG,
600682.XSHG,
600683.XSHG,
600684.XSHG,
600685.XSHG,
600686.XSHG,
600687.XSHG,
600688.XSHG,
600689.XSHG,
600690.XSHG,
600691.XSHG,
600692.XSHG,
600693.XSHG,
600694.XSHG,
600695.XSHG,
600696.XSHG,
600697.XSHG,
600698.XSHG,
600699.XSHG,
600702.XSHG,
600703.XSHG,
600704.XSHG,
600705.XSHG,
600706.XSHG,
600707.XSHG,
600708.XSHG,
600710.XSHG,
600711.XSHG,
600712.XSHG,
600713.XSHG,
600714.XSHG,
600715.XSHG,
600716.XSHG,
600717.XSHG,
600718.XSHG,
600719.XSHG,
600720.XSHG,
600721.XSHG,
600722.XSHG,
600724.XSHG,
600725.XSHG,
600726.XSHG,
600727.XSHG,
600728.XSHG,
600729.XSHG,
600730.XSHG,
600731.XSHG,
600732.XSHG,
600733.XSHG,
600734.XSHG,
600735.XSHG,
600736.XSHG,
600737.XSHG,
600738.XSHG,
600739.XSHG,
600740.XSHG,
600741.XSHG,
600742.XSHG,
600743.XSHG,
600744.XSHG,
600745.XSHG,
600746.XSHG,
600748.XSHG,
600749.XSHG,
600750.XSHG,
600751.XSHG,
600753.XSHG,
600754.XSHG,
600755.XSHG,
600756.XSHG,
600757.XSHG,
600758.XSHG,
600759.XSHG,
600760.XSHG,
600761.XSHG,
600763.XSHG,
600764.XSHG,
600765.XSHG,
600766.XSHG,
600767.XSHG,
600768.XSHG,
600769.XSHG,
600770.XSHG,
600771.XSHG,
600773.XSHG,
600774.XSHG,
600775.XSHG,
600776.XSHG,
600777.XSHG,
600778.XSHG,
600779.XSHG,
600780.XSHG,
600781.XSHG,
600782.XSHG,
600783.XSHG,
600784.XSHG,
600785.XSHG,
600787.XSHG,
600789.XSHG,
600790.XSHG,
600791.XSHG,
600792.XSHG,
600793.XSHG,
600794.XSHG,
600795.XSHG,
600796.XSHG,
600797.XSHG,
600798.XSHG,
600800.XSHG,
600801.XSHG,
600802.XSHG,
600803.XSHG,
600804.XSHG,
600805.XSHG,
600807.XSHG,
600808.XSHG,
600809.XSHG,
600810.XSHG,
600811.XSHG,
600812.XSHG,
600814.XSHG,
600815.XSHG,
600816.XSHG,
600817.XSHG,
600818.XSHG,
600819.XSHG,
600820.XSHG,
600821.XSHG,
600822.XSHG,
600823.XSHG,
600824.XSHG,
600825.XSHG,
600826.XSHG,
600827.XSHG,
600828.XSHG,
600829.XSHG,
600830.XSHG,
600831.XSHG,
600833.XSHG,
600834.XSHG,
600835.XSHG,
600836.XSHG,
600837.XSHG,
600838.XSHG,
600839.XSHG,
600841.XSHG,
600843.XSHG,
600844.XSHG,
600845.XSHG,
600846.XSHG,
600847.XSHG,
600848.XSHG,
600850.XSHG,
600851.XSHG,
600853.XSHG,
600854.XSHG,
600855.XSHG,
600856.XSHG,
600857.XSHG,
600858.XSHG,
600860.XSHG,
600861.XSHG,
600862.XSHG,
600863.XSHG,
600864.XSHG,
600865.XSHG,
600866.XSHG,
600867.XSHG,
600868.XSHG,
600869.XSHG,
600870.XSHG,
600871.XSHG,
600872.XSHG,
600873.XSHG,
600874.XSHG,
600875.XSHG,
600876.XSHG,
600877.XSHG,
600879.XSHG,
600880.XSHG,
600881.XSHG,
600882.XSHG,
600883.XSHG,
600884.XSHG,
600885.XSHG,
600886.XSHG,
600887.XSHG,
600888.XSHG,
600889.XSHG,
600890.XSHG,
600892.XSHG,
600893.XSHG,
600894.XSHG,
600895.XSHG,
600896.XSHG,
600897.XSHG,
600898.XSHG,
600900.XSHG,
600901.XSHG,
600903.XSHG,
600908.XSHG,
600909.XSHG,
600917.XSHG,
600918.XSHG,
600919.XSHG,
600926.XSHG,
600928.XSHG,
600929.XSHG,
600933.XSHG,
600936.XSHG,
600939.XSHG,
600956.XSHG,
600958.XSHG,
600959.XSHG,
600960.XSHG,
600961.XSHG,
600962.XSHG,
600963.XSHG,
600965.XSHG,
600966.XSHG,
600967.XSHG,
600968.XSHG,
600969.XSHG,
600970.XSHG,
600971.XSHG,
600973.XSHG,
600975.XSHG,
600976.XSHG,
600977.XSHG,
600978.XSHG,
600979.XSHG,
600980.XSHG,
600981.XSHG,
600982.XSHG,
600983.XSHG,
600984.XSHG,
600985.XSHG,
600986.XSHG,
600987.XSHG,
600988.XSHG,
600989.XSHG,
600990.XSHG,
600992.XSHG,
600993.XSHG,
600995.XSHG,
600996.XSHG,
600997.XSHG,
600998.XSHG,
600999.XSHG,
601000.XSHG,
601001.XSHG,
601002.XSHG,
601003.XSHG,
601005.XSHG,
601006.XSHG,
601007.XSHG,
601008.XSHG,
601009.XSHG,
601010.XSHG,
601011.XSHG,
601012.XSHG,
601015.XSHG,
601016.XSHG,
601018.XSHG,
601019.XSHG,
601020.XSHG,
601021.XSHG,
601028.XSHG,
601038.XSHG,
601058.XSHG,
601066.XSHG,
601068.XSHG,
601069.XSHG,
601077.XSHG,
601086.XSHG,
601088.XSHG,
601098.XSHG,
601099.XSHG,
601100.XSHG,
601101.XSHG,
601106.XSHG,
601107.XSHG,
601108.XSHG,
601111.XSHG,
601113.XSHG,
601116.XSHG,
601117.XSHG,
601118.XSHG,
601126.XSHG,
601127.XSHG,
601128.XSHG,
601137.XSHG,
601138.XSHG,
601139.XSHG,
601155.XSHG,
601158.XSHG,
601162.XSHG,
601163.XSHG,
601166.XSHG,
601168.XSHG,
601169.XSHG,
601177.XSHG,
601179.XSHG,
601186.XSHG,
601187.XSHG,
601188.XSHG,
601198.XSHG,
601199.XSHG,
601200.XSHG,
601208.XSHG,
601211.XSHG,
601212.XSHG,
601216.XSHG,
601218.XSHG,
601222.XSHG,
601225.XSHG,
601226.XSHG,
601228.XSHG,
601229.XSHG,
601231.XSHG,
601233.XSHG,
601236.XSHG,
601238.XSHG,
601258.XSHG,
601288.XSHG,
601298.XSHG,
601311.XSHG,
601318.XSHG,
601319.XSHG,
601326.XSHG,
601328.XSHG,
601330.XSHG,
601333.XSHG,
601336.XSHG,
601339.XSHG,
601360.XSHG,
601366.XSHG,
601368.XSHG,
601369.XSHG,
601375.XSHG,
601377.XSHG,
601388.XSHG,
601390.XSHG,
601398.XSHG,
601399.XSHG,
601456.XSHG,
601500.XSHG,
601512.XSHG,
601515.XSHG,
601518.XSHG,
601519.XSHG,
601555.XSHG,
601566.XSHG,
601567.XSHG,
601568.XSHG,
601577.XSHG,
601579.XSHG,
601588.XSHG,
601595.XSHG,
601598.XSHG,
601599.XSHG,
601600.XSHG,
601601.XSHG,
601606.XSHG,
601607.XSHG,
601608.XSHG,
601609.XSHG,
601611.XSHG,
601615.XSHG,
601616.XSHG,
601618.XSHG,
601619.XSHG,
601628.XSHG,
601633.XSHG,
601636.XSHG,
601658.XSHG,
601666.XSHG,
601668.XSHG,
601669.XSHG,
601677.XSHG,
601678.XSHG,
601686.XSHG,
601688.XSHG,
601689.XSHG,
601696.XSHG,
601698.XSHG,
601699.XSHG,
601700.XSHG,
601702.XSHG,
601717.XSHG,
601718.XSHG,
601727.XSHG,
601766.XSHG,
601777.XSHG,
601778.XSHG,
601788.XSHG,
601789.XSHG,
601798.XSHG,
601799.XSHG,
601800.XSHG,
601801.XSHG,
601808.XSHG,
601811.XSHG,
601816.XSHG,
601818.XSHG,
601827.XSHG,
601828.XSHG,
601838.XSHG,
601857.XSHG,
601858.XSHG,
601860.XSHG,
601865.XSHG,
601866.XSHG,
601869.XSHG,
601872.XSHG,
601877.XSHG,
601878.XSHG,
601880.XSHG,
601881.XSHG,
601882.XSHG,
601886.XSHG,
601888.XSHG,
601890.XSHG,
601898.XSHG,
601899.XSHG,
601900.XSHG,
601901.XSHG,
601908.XSHG,
601916.XSHG,
601918.XSHG,
601919.XSHG,
601928.XSHG,
601929.XSHG,
601933.XSHG,
601939.XSHG,
601949.XSHG,
601952.XSHG,
601956.XSHG,
601958.XSHG,
601965.XSHG,
601966.XSHG,
601968.XSHG,
601969.XSHG,
601975.XSHG,
601985.XSHG,
601988.XSHG,
601989.XSHG,
601990.XSHG,
601991.XSHG,
601992.XSHG,
601995.XSHG,
601996.XSHG,
601997.XSHG,
601998.XSHG,
601999.XSHG,
603000.XSHG,
603001.XSHG,
603002.XSHG,
603003.XSHG,
603005.XSHG,
603006.XSHG,
603007.XSHG,
603008.XSHG,
603009.XSHG,
603010.XSHG,
603011.XSHG,
603012.XSHG,
603013.XSHG,
603015.XSHG,
603016.XSHG,
603017.XSHG,
603018.XSHG,
603019.XSHG,
603020.XSHG,
603021.XSHG,
603022.XSHG,
603023.XSHG,
603025.XSHG,
603026.XSHG,
603027.XSHG,
603028.XSHG,
603029.XSHG,
603030.XSHG,
603031.XSHG,
603032.XSHG,
603033.XSHG,
603035.XSHG,
603036.XSHG,
603037.XSHG,
603038.XSHG,
603039.XSHG,
603040.XSHG,
603041.XSHG,
603042.XSHG,
603043.XSHG,
603045.XSHG,
603050.XSHG,
603053.XSHG,
603055.XSHG,
603056.XSHG,
603058.XSHG,
603059.XSHG,
603060.XSHG,
603063.XSHG,
603066.XSHG,
603067.XSHG,
603068.XSHG,
603069.XSHG,
603076.XSHG,
603077.XSHG,
603078.XSHG,
603079.XSHG,
603080.XSHG,
603081.XSHG,
603083.XSHG,
603085.XSHG,
603086.XSHG,
603087.XSHG,
603088.XSHG,
603089.XSHG,
603090.XSHG,
603093.XSHG,
603095.XSHG,
603096.XSHG,
603098.XSHG,
603099.XSHG,
603100.XSHG,
603101.XSHG,
603103.XSHG,
603105.XSHG,
603106.XSHG,
603108.XSHG,
603109.XSHG,
603110.XSHG,
603111.XSHG,
603112.XSHG,
603113.XSHG,
603115.XSHG,
603116.XSHG,
603117.XSHG,
603118.XSHG,
603121.XSHG,
603123.XSHG,
603126.XSHG,
603127.XSHG,
603128.XSHG,
603129.XSHG,
603131.XSHG,
603133.XSHG,
603136.XSHG,
603138.XSHG,
603139.XSHG,
603155.XSHG,
603156.XSHG,
603157.XSHG,
603158.XSHG,
603159.XSHG,
603160.XSHG,
603161.XSHG,
603165.XSHG,
603166.XSHG,
603167.XSHG,
603168.XSHG,
603169.XSHG,
603177.XSHG,
603178.XSHG,
603179.XSHG,
603180.XSHG,
603181.XSHG,
603183.XSHG,
603185.XSHG,
603186.XSHG,
603187.XSHG,
603188.XSHG,
603189.XSHG,
603192.XSHG,
603195.XSHG,
603196.XSHG,
603197.XSHG,
603198.XSHG,
603199.XSHG,
603200.XSHG,
603203.XSHG,
603208.XSHG,
603212.XSHG,
603214.XSHG,
603217.XSHG,
603218.XSHG,
603220.XSHG,
603221.XSHG,
603222.XSHG,
603223.XSHG,
603225.XSHG,
603226.XSHG,
603227.XSHG,
603228.XSHG,
603229.XSHG,
603232.XSHG,
603233.XSHG,
603236.XSHG,
603238.XSHG,
603239.XSHG,
603256.XSHG,
603258.XSHG,
603259.XSHG,
603260.XSHG,
603266.XSHG,
603267.XSHG,
603268.XSHG,
603269.XSHG,
603277.XSHG,
603278.XSHG,
603279.XSHG,
603283.XSHG,
603286.XSHG,
603288.XSHG,
603289.XSHG,
603290.XSHG,
603297.XSHG,
603298.XSHG,
603299.XSHG,
603300.XSHG,
603301.XSHG,
603303.XSHG,
603305.XSHG,
603306.XSHG,
603308.XSHG,
603309.XSHG,
603311.XSHG,
603313.XSHG,
603315.XSHG,
603316.XSHG,
603317.XSHG,
603318.XSHG,
603319.XSHG,
603320.XSHG,
603321.XSHG,
603322.XSHG,
603323.XSHG,
603326.XSHG,
603327.XSHG,
603328.XSHG,
603329.XSHG,
603330.XSHG,
603331.XSHG,
603332.XSHG,
603333.XSHG,
603335.XSHG,
603336.XSHG,
603337.XSHG,
603338.XSHG,
603339.XSHG,
603345.XSHG,
603348.XSHG,
603351.XSHG,
603353.XSHG,
603355.XSHG,
603356.XSHG,
603357.XSHG,
603358.XSHG,
603359.XSHG,
603360.XSHG,
603363.XSHG,
603365.XSHG,
603366.XSHG,
603367.XSHG,
603368.XSHG,
603369.XSHG,
603377.XSHG,
603378.XSHG,
603379.XSHG,
603380.XSHG,
603383.XSHG,
603385.XSHG,
603386.XSHG,
603387.XSHG,
603388.XSHG,
603389.XSHG,
603390.XSHG,
603392.XSHG,
603393.XSHG,
603396.XSHG,
603398.XSHG,
603399.XSHG,
603408.XSHG,
603416.XSHG,
603421.XSHG,
603429.XSHG,
603439.XSHG,
603444.XSHG,
603456.XSHG,
603458.XSHG,
603466.XSHG,
603477.XSHG,
603486.XSHG,
603488.XSHG,
603489.XSHG,
603496.XSHG,
603499.XSHG,
603500.XSHG,
603501.XSHG,
603505.XSHG,
603506.XSHG,
603507.XSHG,
603508.XSHG,
603515.XSHG,
603516.XSHG,
603517.XSHG,
603518.XSHG,
603519.XSHG,
603520.XSHG,
603527.XSHG,
603528.XSHG,
603530.XSHG,
603533.XSHG,
603535.XSHG,
603536.XSHG,
603538.XSHG,
603551.XSHG,
603555.XSHG,
603556.XSHG,
603557.XSHG,
603558.XSHG,
603559.XSHG,
603565.XSHG,
603566.XSHG,
603567.XSHG,
603568.XSHG,
603569.XSHG,
603577.XSHG,
603578.XSHG,
603579.XSHG,
603580.XSHG,
603583.XSHG,
603585.XSHG,
603586.XSHG,
603587.XSHG,
603588.XSHG,
603589.XSHG,
603590.XSHG,
603595.XSHG,
603596.XSHG,
603598.XSHG,
603599.XSHG,
603600.XSHG,
603601.XSHG,
603602.XSHG,
603603.XSHG,
603605.XSHG,
603606.XSHG,
603607.XSHG,
603608.XSHG,
603609.XSHG,
603610.XSHG,
603611.XSHG,
603612.XSHG,
603613.XSHG,
603615.XSHG,
603616.XSHG,
603617.XSHG,
603618.XSHG,
603619.XSHG,
603626.XSHG,
603628.XSHG,
603629.XSHG,
603630.XSHG,
603633.XSHG,
603636.XSHG,
603637.XSHG,
603638.XSHG,
603639.XSHG,
603648.XSHG,
603650.XSHG,
603655.XSHG,
603656.XSHG,
603657.XSHG,
603658.XSHG,
603659.XSHG,
603660.XSHG,
603661.XSHG,
603662.XSHG,
603663.XSHG,
603665.XSHG,
603666.XSHG,
603667.XSHG,
603668.XSHG,
603669.XSHG,
603676.XSHG,
603677.XSHG,
603678.XSHG,
603679.XSHG,
603680.XSHG,
603681.XSHG,
603682.XSHG,
603683.XSHG,
603685.XSHG,
603686.XSHG,
603687.XSHG,
603688.XSHG,
603689.XSHG,
603690.XSHG,
603696.XSHG,
603697.XSHG,
603698.XSHG,
603699.XSHG,
603700.XSHG,
603701.XSHG,
603703.XSHG,
603706.XSHG,
603707.XSHG,
603708.XSHG,
603709.XSHG,
603711.XSHG,
603712.XSHG,
603713.XSHG,
603716.XSHG,
603717.XSHG,
603718.XSHG,
603719.XSHG,
603721.XSHG,
603722.XSHG,
603725.XSHG,
603726.XSHG,
603727.XSHG,
603728.XSHG,
603729.XSHG,
603730.XSHG,
603733.XSHG,
603737.XSHG,
603738.XSHG,
603739.XSHG,
603755.XSHG,
603757.XSHG,
603758.XSHG,
603766.XSHG,
603767.XSHG,
603768.XSHG,
603773.XSHG,
603776.XSHG,
603777.XSHG,
603778.XSHG,
603779.XSHG,
603786.XSHG,
603787.XSHG,
603788.XSHG,
603789.XSHG,
603790.XSHG,
603797.XSHG,
603798.XSHG,
603799.XSHG,
603800.XSHG,
603801.XSHG,
603803.XSHG,
603806.XSHG,
603808.XSHG,
603809.XSHG,
603810.XSHG,
603811.XSHG,
603813.XSHG,
603815.XSHG,
603816.XSHG,
603817.XSHG,
603818.XSHG,
603819.XSHG,
603822.XSHG,
603823.XSHG,
603825.XSHG,
603826.XSHG,
603828.XSHG,
603829.XSHG,
603833.XSHG,
603838.XSHG,
603839.XSHG,
603843.XSHG,
603848.XSHG,
603855.XSHG,
603856.XSHG,
603858.XSHG,
603859.XSHG,
603860.XSHG,
603861.XSHG,
603863.XSHG,
603866.XSHG,
603867.XSHG,
603868.XSHG,
603869.XSHG,
603871.XSHG,
603876.XSHG,
603877.XSHG,
603878.XSHG,
603879.XSHG,
603880.XSHG,
603881.XSHG,
603882.XSHG,
603883.XSHG,
603885.XSHG,
603886.XSHG,
603887.XSHG,
603888.XSHG,
603889.XSHG,
603890.XSHG,
603893.XSHG,
603895.XSHG,
603896.XSHG,
603897.XSHG,
603898.XSHG,
603899.XSHG,
603900.XSHG,
603901.XSHG,
603903.XSHG,
603906.XSHG,
603908.XSHG,
603909.XSHG,
603912.XSHG,
603915.XSHG,
603916.XSHG,
603917.XSHG,
603918.XSHG,
603919.XSHG,
603920.XSHG,
603922.XSHG,
603926.XSHG,
603927.XSHG,
603928.XSHG,
603929.XSHG,
603931.XSHG,
603933.XSHG,
603936.XSHG,
603937.XSHG,
603938.XSHG,
603939.XSHG,
603948.XSHG,
603949.XSHG,
603950.XSHG,
603955.XSHG,
603956.XSHG,
603958.XSHG,
603959.XSHG,
603960.XSHG,
603963.XSHG,
603966.XSHG,
603967.XSHG,
603968.XSHG,
603969.XSHG,
603970.XSHG,
603976.XSHG,
603977.XSHG,
603978.XSHG,
603979.XSHG,
603980.XSHG,
603982.XSHG,
603983.XSHG,
603985.XSHG,
603986.XSHG,
603987.XSHG,
603988.XSHG,
603989.XSHG,
603990.XSHG,
603991.XSHG,
603992.XSHG,
603993.XSHG,
603995.XSHG,
603996.XSHG,
603997.XSHG,
603998.XSHG,
603999.XSHG,
605001.XSHG,
605003.XSHG,
605005.XSHG,
605006.XSHG,
605007.XSHG,
605008.XSHG,
605009.XSHG,
605018.XSHG,
605050.XSHG,
605058.XSHG,
605066.XSHG,
605068.XSHG,
605088.XSHG,
605099.XSHG,
605100.XSHG,
605108.XSHG,
605111.XSHG,
605116.XSHG,
605118.XSHG,
605123.XSHG,
605128.XSHG,
605136.XSHG,
605151.XSHG,
605155.XSHG,
605158.XSHG,
605166.XSHG,
605168.XSHG,
605169.XSHG,
605177.XSHG,
605178.XSHG,
605179.XSHG,
605183.XSHG,
605186.XSHG,
605188.XSHG,
605198.XSHG,
605199.XSHG,
605218.XSHG,
605222.XSHG,
605228.XSHG,
605255.XSHG,
605258.XSHG,
605266.XSHG,
605277.XSHG,
605288.XSHG,
605299.XSHG,
605318.XSHG,
605333.XSHG,
605336.XSHG,
605338.XSHG,
605358.XSHG,
605366.XSHG,
605369.XSHG,
605376.XSHG,
605377.XSHG,
605388.XSHG,
605398.XSHG,
605399.XSHG,
605500.XSHG,
688001.XSHG,
688002.XSHG,
688003.XSHG,
688004.XSHG,
688005.XSHG,
688006.XSHG,
688007.XSHG,
688008.XSHG,
688009.XSHG,
688010.XSHG,
688011.XSHG,
688012.XSHG,
688013.XSHG,
688015.XSHG,
688016.XSHG,
688017.XSHG,
688018.XSHG,
688019.XSHG,
688020.XSHG,
688021.XSHG,
688022.XSHG,
688023.XSHG,
688025.XSHG,
688026.XSHG,
688027.XSHG,
688028.XSHG,
688029.XSHG,
688030.XSHG,
688033.XSHG,
688036.XSHG,
688037.XSHG,
688039.XSHG,
688050.XSHG,
688051.XSHG,
688055.XSHG,
688056.XSHG,
688057.XSHG,
688058.XSHG,
688060.XSHG,
688063.XSHG,
688065.XSHG,
688066.XSHG,
688068.XSHG,
688069.XSHG,
688077.XSHG,
688078.XSHG,
688080.XSHG,
688081.XSHG,
688085.XSHG,
688086.XSHG,
688088.XSHG,
688089.XSHG,
688090.XSHG,
688093.XSHG,
688095.XSHG,
688096.XSHG,
688098.XSHG,
688099.XSHG,
688100.XSHG,
688101.XSHG,
688106.XSHG,
688108.XSHG,
688111.XSHG,
688116.XSHG,
688118.XSHG,
688122.XSHG,
688123.XSHG,
688126.XSHG,
688127.XSHG,
688128.XSHG,
688129.XSHG,
688133.XSHG,
688135.XSHG,
688136.XSHG,
688138.XSHG,
688139.XSHG,
688155.XSHG,
688156.XSHG,
688157.XSHG,
688158.XSHG,
688159.XSHG,
688160.XSHG,
688165.XSHG,
688166.XSHG,
688168.XSHG,
688169.XSHG,
688177.XSHG,
688178.XSHG,
688179.XSHG,
688180.XSHG,
688181.XSHG,
688185.XSHG,
688186.XSHG,
688188.XSHG,
688189.XSHG,
688196.XSHG,
688198.XSHG,
688199.XSHG,
688200.XSHG,
688202.XSHG,
688208.XSHG,
688215.XSHG,
688218.XSHG,
688219.XSHG,
688221.XSHG,
688222.XSHG,
688228.XSHG,
688229.XSHG,
688233.XSHG,
688256.XSHG,
688258.XSHG,
688266.XSHG,
688268.XSHG,
688277.XSHG,
688278.XSHG,
688286.XSHG,
688288.XSHG,
688289.XSHG,
688298.XSHG,
688299.XSHG,
688300.XSHG,
688301.XSHG,
688308.XSHG,
688309.XSHG,
688310.XSHG,
688311.XSHG,
688312.XSHG,
688313.XSHG,
688317.XSHG,
688318.XSHG,
688321.XSHG,
688330.XSHG,
688333.XSHG,
688335.XSHG,
688336.XSHG,
688338.XSHG,
688339.XSHG,
688350.XSHG,
688356.XSHG,
688357.XSHG,
688358.XSHG,
688360.XSHG,
688363.XSHG,
688365.XSHG,
688366.XSHG,
688368.XSHG,
688369.XSHG,
688377.XSHG,
688378.XSHG,
688379.XSHG,
688386.XSHG,
688388.XSHG,
688389.XSHG,
688390.XSHG,
688393.XSHG,
688396.XSHG,
688398.XSHG,
688399.XSHG,
688408.XSHG,
688418.XSHG,
688466.XSHG,
688488.XSHG,
688500.XSHG,
688505.XSHG,
688508.XSHG,
688510.XSHG,
688513.XSHG,
688516.XSHG,
688518.XSHG,
688519.XSHG,
688520.XSHG,
688521.XSHG,
688526.XSHG,
688528.XSHG,
688529.XSHG,
688536.XSHG,
688550.XSHG,
688551.XSHG,
688555.XSHG,
688556.XSHG,
688557.XSHG,
688558.XSHG,
688559.XSHG,
688560.XSHG,
688561.XSHG,
688566.XSHG,
688567.XSHG,
688568.XSHG,
688569.XSHG,
688571.XSHG,
688577.XSHG,
688578.XSHG,
688579.XSHG,
688580.XSHG,
688585.XSHG,
688586.XSHG,
688588.XSHG,
688589.XSHG,
688590.XSHG,
688595.XSHG,
688596.XSHG,
688598.XSHG,
688599.XSHG,
688600.XSHG,
688608.XSHG,
688617.XSHG,
688618.XSHG,
688656.XSHG,
688658.XSHG,
688668.XSHG,
688669.XSHG,
688678.XSHG,
688679.XSHG,
688680.XSHG,
688686.XSHG,
688689.XSHG,
688698.XSHG,
688699.XSHG,
688777.XSHG,
688788.XSHG,
688819.XSHG,
688981.XSHG,
689009.XSHG,
